Student Code,Email,Full Name
student001,lamv001@student.edu.vn,Võ Hữu Lâm
student002,thietv002@student.edu.vn,Vũ Thanh Thiết
student003,thup003@student.edu.vn,Phạm Thu
student004,trangp004@student.edu.vn,Phan Trang
student005,dungn005@student.edu.vn,Ngô Thị Dũng
student006,tamt006@student.edu.vn,Trần Tâm
student007,naml007@student.edu.vn,Lý Nam
student008,tuh008@student.edu.vn,Hồ Xuân Tú
student009,phucd009@student.edu.vn,Đỗ Ngọc Phúc
student010,thuyp010@student.edu.vn,Phan Xuân Thủy
student011,vanv011@student.edu.vn,Vũ Vân
student012,anh012@student.edu.vn,Hoàng Thị An
student013,vanl013@student.edu.vn,Lý Vân
student014,thuv014@student.edu.vn,Vũ Thanh Thu
student015,hangb015@student.edu.vn,Bùi Hải Hằng
student016,chiv016@student.edu.vn,Võ Chi
student017,ngav017@student.edu.vn,Vũ Thanh Nga
student018,ant018@student.edu.vn,Trần Hoàng An
student019,uyenv019@student.edu.vn,Võ Văn Uyên
student020,trangd020@student.edu.vn,Đặng Thanh Trang
student021,tanh021@student.edu.vn,Hoàng Thanh Tân
student022,linhh022@student.edu.vn,Hồ Minh Linh
student023,hand023@student.edu.vn,Dương Ngọc Hân
student024,tramh024@student.edu.vn,Hồ Thanh Trâm
student025,chid025@student.edu.vn,Dương Xuân Chi
student026,cuongl026@student.edu.vn,Lê Hải Cường
student027,tand027@student.edu.vn,Dương Tân
student028,hand028@student.edu.vn,Đặng Xuân Hân
student029,quanb029@student.edu.vn,Bùi Thị Quân
student030,had030@student.edu.vn,Dương Văn Hà
student031,anhv031@student.edu.vn,Võ Văn Anh
student032,vud032@student.edu.vn,Dương Thị Vũ
student033,linhb033@student.edu.vn,Bùi Tuấn Linh
student034,thaod034@student.edu.vn,Dương Tuấn Thảo
student035,vanp035@student.edu.vn,Phan Đức Vân
student036,chaub036@student.edu.vn,Bùi Châu
student037,thietp037@student.edu.vn,Phạm Minh Thiết
student038,anhd038@student.edu.vn,Đặng Minh Anh
student039,thip039@student.edu.vn,Phạm Thi
student040,nhid040@student.edu.vn,Đỗ Nhi
student041,tuant041@student.edu.vn,Trần Đức Tuấn
student042,thinhh042@student.edu.vn,Huỳnh Đức Thịnh
student043,khoat043@student.edu.vn,Trần Văn Khoa
student044,phuongv044@student.edu.vn,Vũ Thu Phương
student045,thuv045@student.edu.vn,Võ Thu Thu
student046,phuongb046@student.edu.vn,Bùi Đức Phương
student047,tand047@student.edu.vn,Dương Văn Tân
student048,trungn048@student.edu.vn,Nguyễn Xuân Trung
student049,huyh049@student.edu.vn,Hồ Xuân Huy
student050,hoangp050@student.edu.vn,Phan Hải Hoàng
student051,lyl051@student.edu.vn,Lê Thu Ly
student052,thanhd052@student.edu.vn,Dương Thu Thành
student053,thuyl053@student.edu.vn,Lý Tuấn Thủy
student054,anhh054@student.edu.vn,Hoàng Thị Anh
student055,khoah055@student.edu.vn,Hoàng Thu Khoa
student056,kienp056@student.edu.vn,Phan Tuấn Kiên
student057,thanhh057@student.edu.vn,Huỳnh Thành
student058,nhungn058@student.edu.vn,Nguyễn Nhung
student059,phongd059@student.edu.vn,Đặng Hải Phong
student060,kienh060@student.edu.vn,Huỳnh Kiên
student061,ngat061@student.edu.vn,Trần Nga
student062,hieud062@student.edu.vn,Đặng Thanh Hiếu
student063,vyv063@student.edu.vn,Võ Hoàng Vy
student064,quanp064@student.edu.vn,Phan Văn Quân
student065,hangv065@student.edu.vn,Võ Thị Hằng
student066,had066@student.edu.vn,Dương Hà
student067,anh067@student.edu.vn,Hồ An
student068,hoal068@student.edu.vn,Lê Hoa
student069,anhp069@student.edu.vn,Phan Anh
student070,duongd070@student.edu.vn,Đỗ Tuấn Dương
student071,thaih071@student.edu.vn,Huỳnh Văn Thái
student072,yend072@student.edu.vn,Đỗ Minh Yến
student073,vyl073@student.edu.vn,Lê Minh Vy
student074,thun074@student.edu.vn,Ngô Thu
student075,duongh075@student.edu.vn,Huỳnh Ngọc Dương
student076,thiett076@student.edu.vn,Trần Thanh Thiết
student077,huyenp077@student.edu.vn,Phan Hải Huyền
student078,quyend078@student.edu.vn,Đặng Văn Quyên
student079,yenh079@student.edu.vn,Huỳnh Hoàng Yến
student080,thieth080@student.edu.vn,Huỳnh Ngọc Thiết
student081,thaib081@student.edu.vn,Bùi Hoàng Thái
student082,nghiap082@student.edu.vn,Phan Nghĩa
student083,trungd083@student.edu.vn,Đặng Thu Trung
student084,tuanv084@student.edu.vn,Võ Thanh Tuấn
student085,tramd085@student.edu.vn,Đỗ Thu Trâm
student086,anhv086@student.edu.vn,Võ Hữu Anh
student087,duongl087@student.edu.vn,Lý Thanh Dương
student088,lyn088@student.edu.vn,Ngô Minh Ly
student089,tanh089@student.edu.vn,Huỳnh Tân
student090,hieud090@student.edu.vn,Đỗ Hữu Hiếu
student091,thuyl091@student.edu.vn,Lý Thanh Thủy
student092,phucp092@student.edu.vn,Phan Tuấn Phúc
student093,minhd093@student.edu.vn,Đỗ Minh
student094,vyn094@student.edu.vn,Nguyễn Minh Vy
student095,chil095@student.edu.vn,Lý Hữu Chi
student096,lyd096@student.edu.vn,Dương Tuấn Ly
student097,longh097@student.edu.vn,Hoàng Văn Long
student098,trungd098@student.edu.vn,Đỗ Thị Trung
student099,myl099@student.edu.vn,Lý Xuân My
student100,nganh100@student.edu.vn,Hoàng Ngọc Ngân